City_ID,City,Country,Date,Lat,Lng,Max Temp,Humidity,Cloudiness,Wind Speed
0,Bollnas,SE,2022-01-21 01:45:37,61.3482,16.3946,28.38,56,0,15.48
1,Manacor,ES,2022-01-21 01:45:37,39.5696,3.2096,42.51,81,4,3.6
2,Albert Lea,US,2022-01-21 01:45:38,43.648,-93.3683,-5.67,84,0,0.0
3,Burnie,AU,2022-01-21 01:45:38,-41.0667,145.9167,70.95,60,3,7.23
4,Torbay,CA,2022-01-21 01:45:38,47.6666,-52.7314,44.58,94,100,18.41
5,Ushuaia,AR,2022-01-21 01:43:42,-54.8,-68.3,58.66,51,0,9.22
6,Ribeira Grande,PT,2022-01-21 01:45:38,38.5167,-28.7,63.0,82,40,9.22
7,Kasongo-Lunda,CD,2022-01-21 01:45:39,-6.4667,16.8167,69.51,98,100,0.31
8,Hilo,US,2022-01-21 01:45:39,19.7297,-155.09,77.79,82,100,10.36
9,Chalmette,US,2022-01-21 01:45:39,29.9427,-89.9634,42.8,78,100,1.99
10,Ganta,LR,2022-01-21 01:45:40,7.3022,-8.5308,65.32,20,21,3.33
11,Puerto Ayacucho,VE,2022-01-21 01:45:40,5.6639,-67.6236,83.71,53,97,3.18
12,Nyurba,RU,2022-01-21 01:45:40,63.2842,118.3319,-6.47,99,100,4.18
13,Thompson,CA,2022-01-21 01:41:48,55.7435,-97.8558,-3.84,71,75,11.5
14,Dohar,BD,2022-01-21 01:45:41,23.5883,90.1469,62.58,46,86,1.07
15,Punta Arenas,CL,2022-01-21 01:42:24,-53.15,-70.9167,57.31,62,0,9.22
16,Praia,CV,2022-01-21 01:44:21,14.9215,-23.5087,72.14,78,75,9.22
17,Kang,BW,2022-01-21 01:45:41,-23.6752,22.7876,71.65,57,66,6.69
18,Tecpan,GT,2022-01-21 01:45:41,14.7623,-90.9947,58.32,73,5,3.27
19,Bilibino,RU,2022-01-21 01:45:41,68.0546,166.4372,-27.9,82,4,3.47
20,Faanui,PF,2022-01-21 01:45:42,-16.4833,-151.75,81.59,74,100,18.79
21,Dakar,SN,2022-01-21 01:41:56,14.6937,-17.4441,72.48,74,91,10.92
22,Aguimes,ES,2022-01-21 01:45:42,27.9054,-15.4461,59.67,77,0,8.05
23,Namibe,AO,2022-01-21 01:45:43,-15.1961,12.1522,69.06,84,99,5.46
24,Pacific Grove,US,2022-01-21 01:45:05,36.6177,-121.9166,63.25,86,40,1.99
25,Busselton,AU,2022-01-21 01:45:43,-33.65,115.3333,96.04,27,1,5.53
26,Yellowknife,CA,2022-01-21 01:41:12,62.456,-114.3525,-10.68,77,100,23.02
27,Erenhot,CN,2022-01-21 01:45:43,43.6475,111.9767,13.53,92,100,6.29
28,Coahuayana,MX,2022-01-21 01:45:44,18.7333,-103.6833,72.0,80,95,1.81
29,Bredasdorp,ZA,2022-01-21 01:45:44,-34.5322,20.0403,58.28,93,0,3.44
30,Vanavara,RU,2022-01-21 01:45:44,60.34,102.2797,-2.63,100,94,3.67
31,Oistins,BB,2022-01-21 01:45:44,13.0667,-59.5333,77.09,78,40,20.71
32,Metes,RO,2022-01-21 01:45:45,46.1,23.4167,29.46,89,65,6.08
33,Hobart,AU,2022-01-21 01:41:24,-42.8794,147.3294,82.27,41,20,1.01
34,Portland,US,2022-01-21 01:41:26,45.5234,-122.6762,51.85,81,75,1.01
35,Kapaa,US,2022-01-21 01:45:45,22.0752,-159.319,80.11,70,0,1.99
36,Narsaq,GL,2022-01-21 01:45:45,60.9167,-46.05,25.02,88,100,16.58
37,Belyy Yar,RU,2022-01-21 01:45:45,53.6039,91.3903,-7.71,92,100,2.24
38,Cockburn Town,TC,2022-01-21 01:45:46,21.4612,-71.1419,78.76,73,40,9.22
39,Culebra,PR,2022-01-21 01:45:46,18.303,-65.301,78.84,80,1,8.01
40,New Norfolk,AU,2022-01-21 01:45:46,-42.7826,147.0587,81.91,30,10,3.0
41,Cape Town,ZA,2022-01-21 01:45:47,-33.9258,18.4232,64.11,82,0,1.99
42,Ponta Do Sol,PT,2022-01-21 01:45:47,32.6667,-17.1,65.03,81,88,15.43
43,Coihueco,CL,2022-01-21 01:41:51,-36.6167,-71.8333,63.34,34,0,8.05
44,Umea,SE,2022-01-21 01:45:47,63.8284,20.2597,28.33,59,0,18.41
45,Klaebu,NO,2022-01-21 01:45:48,63.2976,10.4826,35.85,99,100,13.56
46,Pop,UZ,2022-01-21 01:46:48,40.8736,71.1089,30.69,44,0,3.36
47,Buritis,BR,2022-01-21 01:46:48,-15.6178,-46.4233,70.45,75,0,0.63
48,Mbekenyera,TZ,2022-01-21 01:46:49,-10.0,38.9833,69.21,99,100,1.61
49,Rikitea,PF,2022-01-21 01:46:49,-23.1203,-134.9692,78.82,75,100,7.94
50,Vilyuysk,RU,2022-01-21 01:46:49,63.7553,121.6247,-5.93,100,100,3.76
51,Finschhafen,PG,2022-01-21 01:46:49,-6.6024,147.8681,81.63,81,100,6.55
52,Saskylakh,RU,2022-01-21 01:46:50,71.9167,114.0833,-20.76,93,59,7.65
53,Puerto Ayora,EC,2022-01-21 01:46:50,-0.7393,-90.3518,74.55,94,89,1.99
54,Longyearbyen,SJ,2022-01-21 01:46:50,78.2186,15.6401,10.24,67,20,2.3
55,Corinto,GR,2022-01-21 01:46:50,37.9407,22.9573,51.46,77,0,6.15
56,Kodiak,US,2022-01-21 01:46:51,57.79,-152.4072,38.71,87,100,25.32
57,Somerset East,ZA,2022-01-21 01:46:51,-32.7217,25.588,65.46,57,0,5.59
58,Sao Jose Da Coroa Grande,BR,2022-01-21 01:46:51,-8.8978,-35.1478,78.87,81,16,6.69
59,Nouadhibou,MR,2022-01-21 01:46:51,20.931,-17.0347,66.18,88,100,6.91
60,Marquette,US,2022-01-21 01:46:16,46.5333,-87.6335,6.67,68,20,6.04
61,Hermanus,ZA,2022-01-21 01:46:52,-34.4187,19.2345,60.91,87,2,10.0
62,Albany,US,2022-01-21 01:44:46,42.6001,-73.9662,15.28,63,26,14.0
63,Quatre Cocos,MU,2022-01-21 01:46:52,-20.2078,57.7625,80.71,83,47,13.67
64,Jimenez,MX,2022-01-21 01:46:52,28.3333,-105.4,44.49,39,10,12.88
65,Bethel,US,2022-01-21 01:46:52,41.3712,-73.414,25.99,61,0,13.8
66,Keuruu,FI,2022-01-21 01:46:53,62.2667,24.7,27.81,80,100,15.03
67,Kroya,ID,2022-01-21 01:46:53,-7.6331,109.2461,78.49,80,95,2.28
68,Saint-Philippe,RE,2022-01-21 01:46:53,-21.3585,55.7679,76.59,83,55,9.17
69,Brigantine,US,2022-01-21 01:46:53,39.4101,-74.3646,31.01,62,20,12.66
70,Zlatoust,RU,2022-01-21 01:42:01,55.1711,59.6508,2.07,94,34,0.98
71,Chokurdakh,RU,2022-01-21 01:46:54,70.6333,147.9167,-38.36,98,82,5.7
72,Porosozero,RU,2022-01-21 01:46:54,62.7191,32.727,26.35,97,100,5.91
73,Mascota,MX,2022-01-21 01:46:54,20.5167,-104.7833,61.3,59,100,2.37
74,Ahipara,NZ,2022-01-21 01:46:54,-35.1667,173.1667,71.13,52,26,13.78
75,Hithadhoo,MV,2022-01-21 01:46:55,-0.6,73.0833,81.88,73,100,7.38
76,Denpasar,ID,2022-01-21 01:46:55,-8.65,115.2167,82.06,78,40,12.66
77,Coquimbo,CL,2022-01-21 01:46:56,-29.9533,-71.3436,60.53,77,0,10.36
78,Victoria,HK,2022-01-21 01:42:18,22.2855,114.1577,66.38,79,100,1.99
79,Kavaratti,IN,2022-01-21 01:46:56,10.5669,72.642,80.29,71,95,10.36
80,Verkhnevilyuysk,RU,2022-01-21 01:46:56,63.4453,120.3167,-7.71,99,100,3.94
81,Midyat,TR,2022-01-21 01:46:56,37.4247,41.3393,9.32,78,3,4.9
82,San Ramon,US,2022-01-21 01:45:03,37.7799,-121.978,60.94,70,0,1.01
83,Buarcos,PT,2022-01-21 01:46:57,40.166,-8.8768,51.82,74,0,9.57
84,Jamestown,US,2022-01-21 01:46:57,42.097,-79.2353,13.59,85,100,5.75
85,Airai,TL,2022-01-21 01:46:06,-8.9266,125.4092,61.47,98,100,3.74
86,Dikson,RU,2022-01-21 01:46:57,73.5069,80.5464,5.81,94,100,13.69
87,Dunedin,NZ,2022-01-21 01:46:57,-45.8742,170.5036,64.8,57,99,13.0
88,Karasjok,NO,2022-01-21 01:46:58,69.4719,25.5112,23.11,87,19,11.23
89,Plaster Rock,CA,2022-01-21 01:46:58,46.9065,-67.39,1.92,97,22,3.22
90,Clyde River,CA,2022-01-21 01:46:58,70.4692,-68.5914,-1.97,84,96,4.61
91,Muborak,UZ,2022-01-21 01:46:58,39.2553,65.1528,41.11,46,1,10.02
92,Castro,BR,2022-01-21 01:47:59,-24.7911,-50.0119,65.1,90,88,2.46
93,Mahebourg,MU,2022-01-21 01:47:59,-20.4081,57.7,80.89,89,75,14.97
94,Sitka,US,2022-01-21 01:44:11,57.0531,-135.33,39.09,93,100,8.05
95,Luwuk,ID,2022-01-21 01:47:59,-0.9516,122.7875,84.99,73,85,1.9
96,Usinsk,RU,2022-01-21 01:48:00,65.9939,57.5281,14.7,92,100,22.86
97,Port Lincoln,AU,2022-01-21 01:45:12,-34.7333,135.8667,71.73,81,100,10.51
98,Poplar Bluff,US,2022-01-21 01:48:00,36.757,-90.3929,22.73,53,0,11.5
99,Butaritari,KI,2022-01-21 01:48:00,3.0707,172.7902,81.86,73,100,17.09
100,Miramar,US,2022-01-21 01:48:00,25.9873,-80.2323,73.42,95,100,5.75
101,Dashitou,CN,2022-01-21 01:48:01,43.3067,128.5114,4.01,71,13,1.14
102,Esperance,AU,2022-01-21 01:48:01,-33.8667,121.9,73.24,54,0,11.07
103,Avarua,CK,2022-01-21 01:47:13,-21.2078,-159.775,80.65,89,100,10.36
104,Gasa,PS,2022-01-21 01:46:55,31.5,34.4667,48.18,60,12,6.38
105,Khatanga,RU,2022-01-21 01:48:01,71.9667,102.5,-2.24,93,100,9.8
106,Touros,BR,2022-01-21 01:48:01,-5.1989,-35.4608,81.5,73,62,8.9
107,Nikolskoye,RU,2022-01-21 01:48:02,59.7035,30.7861,30.09,97,92,3.87
108,Mataura,NZ,2022-01-21 01:48:02,-46.1927,168.8643,58.48,57,92,8.75
109,Tabuk,PH,2022-01-21 01:48:02,17.4189,121.4443,73.4,84,86,2.53
110,Buala,SB,2022-01-21 01:48:03,-8.145,159.5921,79.95,87,100,8.86
111,Sandi,IN,2022-01-21 01:48:03,27.3,79.95,51.62,75,49,2.64
112,Ilulissat,GL,2022-01-21 01:48:03,69.2167,-51.1,19.42,73,100,14.97
113,Severo-Kurilsk,RU,2022-01-21 01:48:03,50.6789,156.125,31.42,80,100,26.28
114,Mackenzie,CA,2022-01-21 01:48:04,55.2999,-123.1698,30.42,100,75,2.3
115,Jalu,LY,2022-01-21 01:48:04,29.0331,21.5482,51.3,56,6,5.88
116,Cabo San Lucas,MX,2022-01-21 01:45:54,22.8909,-109.9124,73.51,62,100,1.68
117,Ocampo,MX,2022-01-21 01:48:04,21.65,-101.5,57.97,21,100,4.72
118,Umm Lajj,SA,2022-01-21 01:48:05,25.0213,37.2685,60.51,38,0,15.48
119,Linxia,CN,2022-01-21 01:48:05,35.6003,103.2064,31.39,66,99,2.08
120,Kuju,IN,2022-01-21 01:48:06,23.7167,85.5,57.94,51,35,1.63
121,East London,ZA,2022-01-21 01:48:06,-33.0153,27.9116,71.42,83,98,17.58
122,Sisimiut,GL,2022-01-21 01:48:06,66.9395,-53.6735,14.09,78,100,26.35
123,Kuopio,FI,2022-01-21 01:48:06,62.8924,27.677,21.15,86,75,13.8
124,Arraial Do Cabo,BR,2022-01-21 01:47:16,-22.9661,-42.0278,75.79,89,20,13.96
125,Kamenka,RU,2022-01-21 01:48:07,51.3223,42.7678,4.86,99,98,11.81
126,Bluff,NZ,2022-01-21 01:48:07,-46.6,168.3333,58.8,76,100,18.57
127,Koslan,RU,2022-01-21 01:48:07,63.4564,48.8989,22.21,93,100,9.01
128,Erzurum,TR,2022-01-21 01:48:08,40.0,41.5,-0.72,98,95,5.59
129,Tazovskiy,RU,2022-01-21 01:48:08,67.4667,78.7,11.82,88,99,17.56
130,Kavieng,PG,2022-01-21 01:48:08,-2.5744,150.7967,82.58,73,100,3.11
131,Lebu,CL,2022-01-21 01:48:08,-37.6167,-73.65,54.57,81,0,2.82
132,Nome,US,2022-01-21 01:48:09,64.5011,-165.4064,5.07,72,100,16.11
133,Bubaque,GW,2022-01-21 01:48:09,11.2833,-15.8333,78.44,70,67,9.15
134,Roma,US,2022-01-21 01:43:19,43.2128,-75.4557,12.43,75,0,6.91
135,Plouzane,FR,2022-01-21 01:48:09,48.3833,-4.6167,39.25,90,75,3.44
136,Ancud,CL,2022-01-21 01:49:09,-41.8697,-73.8203,56.73,89,11,8.97
137,Eldorado,BR,2022-01-21 01:49:10,-23.7869,-54.2836,81.09,66,100,7.0
138,Barra Patuca,HN,2022-01-21 01:49:10,15.8,-84.2833,75.99,87,5,8.46
139,Reda,PL,2022-01-21 01:49:10,54.6053,18.3472,35.04,83,99,8.01
140,Port Elizabeth,ZA,2022-01-21 01:49:11,-33.918,25.5701,71.1,83,100,17.27
141,Richards Bay,ZA,2022-01-21 01:49:11,-28.783,32.0377,68.43,92,8,5.82
142,Lorengau,PG,2022-01-21 01:49:11,-2.0226,147.2712,82.9,79,95,7.81
143,Elizabethton,US,2022-01-21 01:49:11,36.3487,-82.2107,34.12,82,100,0.0
144,Georgetown,MY,2022-01-21 01:49:11,5.4112,100.3354,82.33,83,20,5.01
145,Lavrentiya,RU,2022-01-21 01:49:12,65.5833,-171.0,-17.36,93,5,11.65
146,Upernavik,GL,2022-01-21 01:49:12,72.7868,-56.1549,-2.61,94,100,11.45
147,Klaksvik,FO,2022-01-21 01:49:12,62.2266,-6.589,45.52,85,100,24.87
148,Aberdeen,GB,2022-01-21 01:47:40,57.1437,-2.0981,42.49,75,100,6.91
149,Zhangjiakou,CN,2022-01-21 01:49:13,40.81,114.8794,14.34,81,99,3.0
150,Barrow,US,2022-01-21 01:48:28,71.2906,-156.7887,-20.18,76,20,4.61
151,Pevek,RU,2022-01-21 01:49:13,69.7008,170.3133,-34.76,96,20,1.66
152,Vardo,NO,2022-01-21 01:49:13,70.3705,31.1107,30.18,72,99,31.59
153,Katobu,ID,2022-01-21 01:49:13,-4.9408,122.5276,77.18,88,100,7.76
154,Marihatag,PH,2022-01-21 01:49:14,8.7936,126.2969,81.99,72,90,7.54
155,Mahibadhoo,MV,2022-01-21 01:49:14,3.7833,72.9667,80.56,71,89,5.93
156,Aswan,EG,2022-01-21 01:48:30,24.0934,32.907,43.9,49,0,5.75
157,Kaitangata,NZ,2022-01-21 01:48:36,-46.2817,169.8464,63.93,62,94,10.76
158,Dhemaji,IN,2022-01-21 01:49:14,27.4833,94.5833,57.27,60,99,2.35
159,Sao Joao Da Barra,BR,2022-01-21 01:49:14,-21.6403,-41.0511,75.76,87,0,7.96
160,Pitimbu,BR,2022-01-21 01:49:15,-7.4706,-34.8086,79.39,79,17,8.05
161,Bulgan,MN,2022-01-21 01:48:28,48.8125,103.5347,4.32,98,95,0.13
162,Brae,GB,2022-01-21 01:49:15,60.3964,-1.353,46.31,93,100,21.05
163,Tres Arroyos,AR,2022-01-21 01:49:15,-38.3739,-60.2798,69.67,90,57,14.88
164,Pisco,PE,2022-01-21 01:49:15,-13.7,-76.2167,68.02,93,67,6.29
165,Vestmannaeyjar,IS,2022-01-21 01:49:16,63.4427,-20.2734,46.63,89,99,28.77
166,Vila,PT,2022-01-21 01:49:16,42.0304,-8.1588,34.68,89,2,4.41
167,Komsomolskiy,UZ,2022-01-21 01:49:16,40.4272,71.7189,29.62,80,0,6.91
168,Srednekolymsk,RU,2022-01-21 01:49:16,67.45,153.6833,-39.17,99,54,6.26
169,Walvis Bay,NA,2022-01-21 01:49:17,-22.9575,14.5053,69.1,88,100,3.44
170,Atuona,PF,2022-01-21 01:49:17,-9.8,-139.0333,78.89,79,41,23.49
171,Petropavlovsk-Kamchatskiy,RU,2022-01-21 01:49:17,53.0452,158.6483,27.19,54,75,4.47
172,Fort Nelson,CA,2022-01-21 01:49:17,58.8053,-122.7002,-0.81,71,75,12.66
173,Kano,NG,2022-01-21 01:44:30,12.0001,8.5167,56.68,22,9,10.98
174,Mortara,IT,2022-01-21 01:49:18,45.2473,8.7355,43.25,58,0,5.75
175,Great Neck,US,2022-01-21 01:49:18,40.8007,-73.7285,28.96,52,75,3.0
176,Husavik,IS,2022-01-21 01:49:18,66.0449,-17.3389,49.91,78,100,19.69
177,Wahiawa,US,2022-01-21 01:49:18,21.5028,-158.0236,79.12,63,40,5.75
178,Lagoa Nova,BR,2022-01-21 01:49:19,-6.1,-36.4833,70.72,82,21,9.04
179,Plymouth,US,2022-01-21 01:49:19,41.8334,-70.8328,31.78,62,0,1.01
180,Katherine,AU,2022-01-21 01:49:19,-14.4667,132.2667,89.92,58,100,3.44
181,Finnsnes,NO,2022-01-21 01:49:19,69.2296,17.9811,22.96,94,100,1.97
182,Zhurivka,UA,2022-01-21 01:49:20,50.5028,31.7849,28.38,86,74,11.99
183,Sao Filipe,CV,2022-01-21 01:49:20,14.8961,-24.4956,72.82,78,100,4.09
184,Luang Prabang,LA,2022-01-21 01:50:20,19.8856,102.1347,64.36,94,75,0.0
185,Guangyuan,CN,2022-01-21 01:50:20,32.442,105.823,43.34,93,100,3.44
186,Khudumelapye,BW,2022-01-21 01:50:21,-23.8833,24.75,70.77,56,100,5.46
187,Acapulco,MX,2022-01-21 01:47:07,16.8634,-99.8901,76.95,78,14,6.8
188,Mar Del Plata,AR,2022-01-21 01:50:21,-38.0023,-57.5575,72.09,99,100,13.0
189,Abu Kamal,SY,2022-01-21 01:50:21,34.4506,40.9171,36.07,54,3,7.94
190,Bongaree,AU,2022-01-21 01:50:22,-27.0797,153.1586,83.28,64,54,24.79
191,Talnakh,RU,2022-01-21 01:50:22,69.4865,88.3972,10.51,95,100,13.24
192,Opuwo,NA,2022-01-21 01:50:22,-18.0607,13.84,66.58,78,100,2.04
193,Rocha,UY,2022-01-21 01:50:22,-34.4833,-54.3333,74.66,94,95,11.39
194,Taoudenni,ML,2022-01-21 01:50:23,22.6783,-3.9836,60.69,21,1,8.68
195,Basar,IN,2022-01-21 01:50:23,27.9833,94.6667,51.26,58,88,1.52
196,Atar,MR,2022-01-21 01:50:23,20.5169,-13.0499,71.24,15,100,9.08
197,Ostrovnoy,RU,2022-01-21 01:50:23,68.0531,39.5131,9.54,93,94,5.84
198,Talcahuano,CL,2022-01-21 01:50:24,-36.7167,-73.1167,58.68,77,0,11.5
199,Vaini,TO,2022-01-21 01:50:24,-21.2,-175.2,81.81,78,54,17.02
200,Port Hedland,AU,2022-01-21 01:50:24,-20.3167,118.5667,95.05,52,2,12.66
201,Warah,PK,2022-01-21 01:50:25,27.4481,67.7978,59.9,46,0,6.82
202,College,US,2022-01-21 01:50:25,64.8569,-147.8028,3.22,79,75,8.05
203,Chuy,UY,2022-01-21 01:50:25,-33.6971,-53.4616,74.7,95,38,10.33
204,Souillac,MU,2022-01-21 01:50:25,-20.5167,57.5167,80.98,89,75,14.97
205,Provideniya,RU,2022-01-21 01:50:25,64.3833,-173.3,1.51,66,0,13.42
206,Iracoubo,GF,2022-01-21 01:50:26,5.4802,-53.2011,76.89,90,66,12.39
207,Carnarvon,AU,2022-01-21 01:50:26,-24.8667,113.6333,98.67,23,0,14.97
208,Gweta,BW,2022-01-21 01:47:23,-20.1833,25.2333,72.45,36,100,11.52
209,Areka,ET,2022-01-21 01:50:26,7.0667,37.7,58.17,79,84,5.21
210,Beloha,MG,2022-01-21 01:50:27,-25.1667,45.05,68.68,89,25,8.57
211,Qaanaaq,GL,2022-01-21 01:50:27,77.484,-69.3632,15.1,84,100,4.25
212,Sechura,PE,2022-01-21 01:50:27,-5.5569,-80.8222,73.15,76,17,13.78
213,Sampit,ID,2022-01-21 01:50:27,-2.5333,112.95,77.61,87,100,3.36
214,Bukene,TZ,2022-01-21 01:50:28,-4.2333,32.8833,61.84,94,100,3.98
215,Beringovskiy,RU,2022-01-21 01:50:28,63.05,179.3167,-13.23,78,6,13.44
216,Nanortalik,GL,2022-01-21 01:48:46,60.1432,-45.2371,25.84,70,100,22.53
217,Feicheng,CN,2022-01-21 01:50:28,35.2606,117.9675,31.46,39,100,6.64
218,Santana Do Acarau,BR,2022-01-21 01:50:28,-3.4606,-40.2122,74.43,91,26,2.33
219,Conneaut,US,2022-01-21 01:50:29,41.9476,-80.5542,18.41,66,100,11.83
220,Adelaide,AU,2022-01-21 01:50:29,-34.9333,138.6,91.85,31,0,20.71
221,Matay,EG,2022-01-21 01:50:29,28.419,30.7792,43.95,66,0,6.51
222,Batticaloa,LK,2022-01-21 01:50:29,7.7102,81.6924,71.91,75,79,5.41
223,Katsuura,JP,2022-01-21 01:50:30,35.1333,140.3,42.91,41,84,22.24
224,Shingu,JP,2022-01-21 01:50:30,33.7333,135.9833,40.19,38,65,6.93
225,Ladnun,IN,2022-01-21 01:50:30,27.65,74.3833,53.26,66,0,7.76
226,Roald,NO,2022-01-21 01:50:30,62.5833,6.1333,37.54,87,100,17.27
227,Rochegda,RU,2022-01-21 01:50:31,62.8,43.25,25.39,95,100,9.95
228,Ilovlya,RU,2022-01-21 01:51:31,49.3033,43.9796,11.5,100,100,5.59
229,Nortelandia,BR,2022-01-21 01:51:31,-14.4547,-56.8028,73.24,92,76,3.29
230,Yuanping,CN,2022-01-21 01:51:31,38.7153,112.7575,18.97,90,100,2.1
231,Tasiilaq,GL,2022-01-21 01:51:32,65.6145,-37.6368,33.91,96,100,13.71
232,Tuktoyaktuk,CA,2022-01-21 01:51:32,69.4541,-133.0374,-20.2,69,75,16.11
233,Tiksi,RU,2022-01-21 01:51:32,71.6872,128.8694,-14.58,96,64,10.54
234,Turayf,SA,2022-01-21 01:51:33,31.6725,38.6637,25.05,100,0,0.0
235,Camana,PE,2022-01-21 01:51:33,-16.6228,-72.7111,72.19,87,97,7.96
236,Ola,RU,2022-01-21 01:51:33,59.5833,151.2833,1.74,76,5,5.03
237,Fortuna,US,2022-01-21 01:51:33,40.5982,-124.1573,53.94,92,77,1.99
238,Nemuro,JP,2022-01-21 01:51:34,43.3236,145.575,28.83,71,95,21.77
239,Casino,AU,2022-01-21 01:51:34,-28.8667,153.05,76.75,78,91,11.5
240,Fare,PF,2022-01-21 01:51:34,-16.7,-151.0167,81.25,76,100,18.57
241,Biak,ID,2022-01-21 01:51:34,-0.9131,122.8766,82.33,71,78,0.96
242,Ishigaki,JP,2022-01-21 01:51:35,24.3448,124.1572,66.33,72,75,19.57
243,Lodja,CD,2022-01-21 01:51:35,-3.4833,23.4333,68.85,98,100,0.74
244,Charagua,BO,2022-01-21 01:51:35,-19.8,-63.2167,74.57,66,7,7.9
245,Borzya,RU,2022-01-21 01:51:35,50.3833,116.5167,-2.09,97,98,1.41
246,Pantayivka,UA,2022-01-21 01:51:36,48.674,32.8841,26.33,96,98,9.48
247,Bengkulu,ID,2022-01-21 01:51:36,-3.8004,102.2655,76.44,85,100,3.42
248,Namatanai,PG,2022-01-21 01:51:36,-3.6667,152.4333,83.34,73,100,9.89
249,Klamath Falls,US,2022-01-21 01:51:36,42.2249,-121.7817,46.31,71,75,9.22
250,Mahdasht,IR,2022-01-21 01:51:37,35.7299,50.8111,25.02,68,0,24.16
251,Price,US,2022-01-21 01:51:37,39.5994,-110.8107,34.86,51,0,0.0
252,Cap Malheureux,MU,2022-01-21 01:51:37,-19.9842,57.6142,81.09,87,29,7.0
253,Hun,LY,2022-01-21 01:51:38,29.1268,15.9477,49.28,59,3,4.92
254,Teguldet,RU,2022-01-21 01:51:38,57.3064,88.1667,0.72,99,99,1.88
255,Labuhan,ID,2022-01-21 01:51:38,-6.8844,112.2051,77.13,82,100,5.41
256,Lompoc,US,2022-01-21 01:51:38,34.6391,-120.4579,64.56,84,0,5.75
257,Baykit,RU,2022-01-21 01:51:39,61.67,96.37,-8.34,100,98,1.01
258,Russell,US,2022-01-21 01:51:39,32.3502,-85.1999,43.88,89,100,10.36
259,San Quintin,MX,2022-01-21 01:49:51,30.4833,-115.95,62.33,58,0,4.45
260,Andros Town,BS,2022-01-21 01:50:15,24.7,-77.7667,73.36,81,5,11.61
261,Sinazongwe,ZM,2022-01-21 01:51:39,-17.2614,27.4618,73.54,59,22,2.89
262,Hami,CN,2022-01-21 01:51:40,42.8,93.45,27.63,42,100,4.34
263,Qandala,SO,2022-01-21 01:51:40,11.472,49.8728,73.63,77,35,2.06
264,Mezhova,UA,2022-01-21 01:51:40,48.2532,36.7347,33.6,95,100,17.54
265,Deputatskiy,RU,2022-01-21 01:51:40,69.3,139.9,-19.88,76,46,6.13
266,Busovaca,BA,2022-01-21 01:51:41,44.0975,17.8789,35.11,94,100,5.99
267,Makarov,RU,2022-01-21 01:51:41,48.6333,142.8,17.44,78,72,8.93
268,Hazorasp,UZ,2022-01-21 01:51:41,41.3194,61.0742,24.64,83,100,9.44
269,Irbeyskoye,RU,2022-01-21 01:51:41,55.6428,95.4522,-11.06,100,94,2.68
270,Port Alfred,ZA,2022-01-21 01:51:42,-33.5906,26.891,72.55,84,98,16.71
271,Aklavik,CA,2022-01-21 01:51:42,68.2191,-135.0107,-21.17,89,15,7.05
272,Mehamn,NO,2022-01-21 01:51:42,71.0357,27.8492,26.47,76,100,22.84
273,Coihaique,CL,2022-01-21 01:51:42,-45.5752,-72.0662,56.01,100,100,3.44
274,Lar,IN,2022-01-21 01:51:43,26.2039,83.9717,52.29,73,2,0.51
275,Haines Junction,CA,2022-01-21 01:52:43,60.7522,-137.5108,4.95,78,100,1.14
276,San Patricio,US,2022-01-21 01:52:43,28.017,-97.5169,39.29,52,100,16.22
277,Port Hardy,CA,2022-01-21 01:52:43,50.6996,-127.4199,43.75,93,40,5.75
278,Ganzhou,CN,2022-01-21 01:50:20,28.8184,115.4327,48.31,86,100,5.7
279,Strezhevoy,RU,2022-01-21 01:52:44,60.7333,77.5889,13.98,94,100,7.99
280,Epinal,FR,2022-01-21 01:52:44,48.1833,6.45,33.35,97,62,4.25
281,Opunake,NZ,2022-01-21 01:52:44,-39.4556,173.8583,72.34,63,34,9.8
282,Asau,RO,2022-01-21 01:52:44,46.4333,26.4,30.96,92,57,5.39
283,Kijang,KR,2022-01-21 01:52:45,35.2442,129.2139,33.53,45,1,4.81
284,Vikhorevka,RU,2022-01-21 01:52:45,56.1201,101.1636,9.99,99,97,0.98
285,Nuuk,GL,2022-01-21 01:52:45,64.1835,-51.7216,16.88,78,100,11.99
286,Yeppoon,AU,2022-01-21 01:52:45,-23.1333,150.7333,82.18,66,34,24.14
287,Port-Gentil,GA,2022-01-21 01:52:46,-0.7193,8.7815,79.41,79,100,7.16
288,Matara,LK,2022-01-21 01:52:46,5.9485,80.5353,73.35,83,63,2.77
289,Antalya,TR,2022-01-21 01:48:38,36.7741,30.7178,43.02,68,5,8.05
290,Olafsvik,IS,2022-01-21 01:52:46,64.8945,-23.7142,44.51,91,100,36.33
291,Tolmachevo,RU,2022-01-21 01:52:46,54.9824,82.7363,3.18,85,100,6.71
292,Gazli,UZ,2022-01-21 01:52:47,40.1333,63.45,36.14,66,0,13.11
293,Makakilo City,US,2022-01-21 01:52:47,21.3469,-158.0858,80.92,65,0,8.05
294,Marienburg,PL,2022-01-21 01:52:47,54.0359,19.0266,34.12,67,100,19.44
295,Nilanga,IN,2022-01-21 01:52:47,18.1,76.7667,65.77,41,67,6.78
296,Kiunga,PG,2022-01-21 01:52:48,-6.1219,141.2906,91.8,51,59,1.92
297,Kudahuvadhoo,MV,2022-01-21 01:52:48,2.6708,72.8944,80.62,71,96,10.36
298,Adrar,MR,2022-01-21 01:52:48,20.5022,-10.0711,63.68,17,69,12.3
299,Praia Da Vitoria,PT,2022-01-21 01:52:48,38.7333,-27.0667,61.75,94,20,17.05
300,Pishva,IR,2022-01-21 01:52:49,35.308,51.7267,27.61,36,65,18.3
301,Odweyne,SO,2022-01-21 01:52:49,9.4092,45.064,61.88,69,10,13.96
302,Necochea,AR,2022-01-21 01:52:49,-38.5473,-58.7368,71.04,89,97,19.01
303,Saint George,US,2022-01-21 01:51:55,37.1041,-113.5841,54.19,36,0,1.99
304,Tankhoy,RU,2022-01-21 01:52:49,51.5528,105.1306,15.26,93,99,1.7
305,Kabare,CD,2022-01-21 01:52:50,-2.4683,28.8242,60.6,97,100,1.3
306,Shuyskoye,RU,2022-01-21 01:52:50,59.3736,41.0305,22.26,91,100,10.56
307,Nelson Bay,AU,2022-01-21 01:52:50,-32.7167,152.15,77.95,63,100,14.79
308,Miguel Hidalgo,MX,2022-01-21 01:47:52,19.4225,-99.2028,62.01,43,100,4.0
309,Korla,CN,2022-01-21 01:52:50,41.7597,86.1469,26.55,49,9,3.85
310,Knysna,ZA,2022-01-21 01:52:51,-34.0363,23.0471,66.4,92,9,1.52
311,Ust-Kuyga,RU,2022-01-21 01:52:51,70.0167,135.6,-31.81,97,86,6.24
312,Sorsk,RU,2022-01-21 01:52:51,54.0033,90.2467,-3.1,100,14,3.87
313,Arica,CL,2022-01-21 01:49:01,-18.475,-70.3042,68.23,73,75,6.91
314,Murray Bridge,AU,2022-01-21 01:52:51,-35.1167,139.2667,93.13,28,100,20.0
315,Alyangula,AU,2022-01-21 01:52:52,-13.8483,136.4192,91.27,66,46,9.22
316,Najran,SA,2022-01-21 01:52:52,17.4924,44.1277,57.85,56,0,3.87
317,Mananjary,MG,2022-01-21 01:52:52,-21.2167,48.3333,71.38,93,90,7.38
318,Mecca,SA,2022-01-21 01:51:36,21.4267,39.8261,63.66,42,0,4.74
319,Malanje,AO,2022-01-21 01:52:52,-9.5402,16.341,59.79,85,100,3.53
320,Rawson,AR,2022-01-21 01:52:53,-43.3002,-65.1023,61.09,94,75,2.3
321,Labuan,MY,2022-01-21 01:53:53,5.2767,115.2417,79.16,94,40,1.01
322,Mahajanga,MG,2022-01-21 01:53:53,-15.7167,46.3167,75.22,100,40,3.44
323,Ornskoldsvik,SE,2022-01-21 01:53:53,63.2909,18.7153,28.22,63,0,18.41
324,Kamaishi,JP,2022-01-21 01:53:54,39.2667,141.8833,27.55,53,54,9.44
325,Los Llanos De Aridane,ES,2022-01-21 01:53:54,28.6585,-17.9182,60.55,89,0,5.01
326,Krasnyy Chikoy,RU,2022-01-21 01:53:54,50.3643,108.7512,4.66,97,95,0.56
327,Mbandaka,CD,2022-01-21 01:53:54,0.0487,18.2603,72.73,77,99,1.12
328,Ban Nahin,LA,2022-01-21 01:53:55,18.2418,104.2122,64.4,82,100,2.59
329,Bethanien,NA,2022-01-21 01:53:55,-26.502,17.1583,71.24,69,100,7.63
330,Yar-Sale,RU,2022-01-21 01:53:55,66.8333,70.8333,12.7,89,99,21.52
331,Mandera,KE,2022-01-21 01:53:56,3.9366,41.867,79.23,37,53,10.96
332,Okhotsk,RU,2022-01-21 01:53:56,59.3833,143.3,-7.01,73,80,11.07
333,San Vicente,AR,2022-01-21 01:53:56,-26.6167,-54.1333,73.31,65,2,2.55
334,Tarko-Sale,RU,2022-01-21 01:53:56,64.9225,77.785,10.31,93,17,15.59
335,Luderitz,NA,2022-01-21 01:53:57,-26.6481,15.1594,67.84,84,31,8.3
336,Bambous Virieux,MU,2022-01-21 01:53:57,-20.3428,57.7575,80.85,89,75,14.97
337,Peniche,PT,2022-01-21 01:53:57,39.3558,-9.3811,49.44,64,0,5.35
338,Tshane,BW,2022-01-21 01:53:57,-24.0196,21.8684,73.18,56,97,3.15
339,San Jeronimo,PE,2022-01-21 01:53:58,-11.9472,-75.2829,52.97,83,95,1.21
340,Fort Walton Beach,US,2022-01-21 01:53:58,30.4058,-86.6188,44.98,90,75,11.01
341,Avera,US,2022-01-21 01:53:58,33.194,-82.5271,51.67,93,100,6.93
342,Sobolevo,RU,2022-01-21 01:53:58,54.4299,31.8996,21.52,88,92,13.4
343,Mahon,ES,2022-01-21 01:53:59,39.8885,4.2658,43.36,93,0,3.44
344,Nesebar,BG,2022-01-21 01:53:59,42.7833,27.7333,38.35,66,87,7.34
345,Batemans Bay,AU,2022-01-21 01:53:59,-35.7167,150.1833,72.99,55,64,7.16
346,Mumford,GH,2022-01-21 01:53:59,5.2618,-0.759,78.75,74,32,2.75
347,Leningradskiy,RU,2022-01-21 01:53:59,69.3833,178.4167,-32.21,92,5,3.71
348,New Castle,US,2022-01-21 01:49:07,41.0037,-80.347,18.01,67,100,5.75
349,Wangaratta,AU,2022-01-21 01:54:00,-36.3667,146.3333,81.46,45,0,4.61
350,Lakes Entrance,AU,2022-01-21 01:54:00,-37.8811,147.981,74.16,53,0,7.67
351,Kushima,JP,2022-01-21 01:54:00,31.4583,131.2333,44.64,52,11,8.61
352,Butia,BR,2022-01-21 01:54:01,-30.1197,-51.9622,75.97,88,5,6.87
353,Kendari,ID,2022-01-21 01:54:01,-3.945,122.4989,83.7,67,100,7.29
354,Kieta,PG,2022-01-21 01:54:01,-6.2167,155.6333,80.1,85,100,4.12
355,Wencheng,CN,2022-01-21 01:54:01,33.0559,113.7978,32.56,93,100,8.21
356,Falam,MM,2022-01-21 01:54:02,22.9167,93.6833,50.99,62,0,1.68
357,Pingzhuang,CN,2022-01-21 01:54:02,42.0372,119.2889,14.4,53,72,4.56
358,Aksarka,RU,2022-01-21 01:54:02,66.5606,67.7975,12.88,91,100,19.75
359,Paamiut,GL,2022-01-21 01:54:02,61.994,-49.6678,19.06,87,100,8.32
360,La Ronge,CA,2022-01-21 01:54:03,55.1001,-105.2842,8.85,78,100,8.05
361,Tripoli,LY,2022-01-21 01:54:03,32.8752,13.1875,53.85,54,90,8.23
362,Huty,UA,2022-01-21 01:54:03,50.1332,35.3439,27.45,96,100,12.28
363,Cherskiy,RU,2022-01-21 01:54:03,68.75,161.3,-38.72,99,19,1.59
364,Dukat,RU,2022-01-21 01:54:04,62.55,155.55,-8.0,55,0,2.57
365,Boguchany,RU,2022-01-21 01:54:04,58.3814,97.4531,-1.39,100,90,2.37
366,Norman Wells,CA,2022-01-21 01:54:04,65.282,-126.8329,-16.56,63,75,18.41
367,Kahului,US,2022-01-21 01:50:15,20.8947,-156.47,82.42,71,40,6.91
368,Nhulunbuy,AU,2022-01-21 01:55:04,-12.2333,136.7667,90.21,62,40,10.36
369,Tilichiki,RU,2022-01-21 01:55:05,60.4667,166.1,-11.99,78,0,7.87
370,Sakakah,SA,2022-01-21 01:55:05,29.9697,40.2064,35.17,56,0,3.98
371,Ponta Delgada,PT,2022-01-21 01:55:05,37.7333,-25.6667,61.52,77,20,13.8
372,Meulaboh,ID,2022-01-21 01:55:05,4.1363,96.1285,79.21,80,12,3.91
373,Alice Springs,AU,2022-01-21 01:55:06,-23.7,133.8833,89.15,45,64,5.75
374,Taua,BR,2022-01-21 01:55:06,-5.9667,-40.3,75.54,57,88,6.46
375,Selfoss,IS,2022-01-21 01:55:06,63.9331,-20.9971,48.09,94,100,23.11
376,Mbanza-Ngungu,CD,2022-01-21 01:55:06,-5.25,14.8667,66.49,97,97,4.29
377,Abha,SA,2022-01-21 01:55:07,18.2164,42.5053,46.22,93,0,0.0
378,Ogbomosho,NG,2022-01-21 01:55:07,8.133,4.25,72.79,20,79,7.47
379,North Bend,US,2022-01-21 01:50:18,43.4065,-124.2243,51.93,99,100,11.5
380,Bathsheba,BB,2022-01-21 01:55:07,13.2167,-59.5167,77.61,78,40,20.71
381,Port Blair,IN,2022-01-21 01:55:07,11.6667,92.75,75.24,94,75,0.0
382,Les Escoumins,CA,2022-01-21 01:55:08,48.1111,-69.0236,0.75,94,4,5.37
383,Cervo,ES,2022-01-21 01:55:08,43.6702,-7.4101,50.97,70,100,20.29
384,Denia,ES,2022-01-21 01:55:08,38.8408,0.1057,49.84,75,24,3.0
385,Geraldton,AU,2022-01-21 01:55:08,-28.7667,114.6,104.41,9,0,18.41
386,Fershampenuaz,RU,2022-01-21 01:55:09,53.5202,59.8117,-13.32,100,62,4.61
387,Flinders,AU,2022-01-21 01:55:09,-34.5833,150.8552,74.21,66,83,11.03
388,Bucerias,MX,2022-01-21 01:55:09,20.75,-105.3333,75.97,93,100,5.48
389,Cidreira,BR,2022-01-21 01:55:09,-30.1811,-50.2056,76.93,91,3,15.01
390,Mabaruma,GY,2022-01-21 01:55:10,8.2,-59.7833,71.96,99,84,2.84
391,Kalmunai,LK,2022-01-21 01:55:10,7.4167,81.8167,70.97,78,97,6.42
392,Seoul,KR,2022-01-21 01:50:29,37.5683,126.9778,24.4,66,0,5.75
393,Naze,JP,2022-01-21 01:55:10,28.3667,129.4833,58.12,57,99,12.08
394,Stolin,BY,2022-01-21 01:55:10,51.8912,26.846,27.72,89,100,19.24
395,Abong Mbang,CM,2022-01-21 01:55:11,3.9833,13.1833,62.15,42,46,1.57
396,Szentkiralyszabadja,HU,2022-01-21 01:55:11,47.0576,17.9705,29.05,75,96,14.67
397,Rongcheng,CN,2022-01-21 01:55:11,30.634,117.8517,42.96,80,100,4.45
398,Wuwei,CN,2022-01-21 01:55:11,37.9281,102.6414,25.99,40,18,1.74
399,Codrington,AU,2022-01-21 01:55:12,-38.2667,141.9667,88.3,25,0,8.55
400,Harper,LR,2022-01-21 01:55:12,4.375,-7.7169,77.41,78,4,0.81
401,Novyy Urgal,RU,2022-01-21 01:55:12,51.0736,132.5642,-17.25,95,97,0.85
402,Maridi,SS,2022-01-21 01:55:12,4.9158,29.4742,68.76,33,94,3.62
403,Camacha,PT,2022-01-21 01:55:13,33.0833,-16.3333,62.02,63,20,21.85
404,Sinnamary,GF,2022-01-21 01:53:12,5.3833,-52.95,76.8,90,66,11.81
405,Swan Hill,AU,2022-01-21 01:55:13,-35.3378,143.5544,84.85,25,1,14.79
406,Mason City,US,2022-01-21 01:55:13,43.1536,-93.201,-4.67,95,8,0.63
407,Progreso,MX,2022-01-21 01:55:14,21.2833,-89.6667,76.1,81,7,14.03
408,Edd,ER,2022-01-21 01:55:14,13.9297,41.6925,76.48,74,97,11.32
409,Iralaya,HN,2022-01-21 01:56:14,15.0,-83.2333,77.25,85,10,9.37
410,Tura,IN,2022-01-21 01:56:14,25.5198,90.2201,55.81,83,19,3.13
411,Barra Da Estiva,BR,2022-01-21 01:56:15,-13.6261,-41.3269,65.21,91,42,3.2
412,La Baule-Escoublac,FR,2022-01-21 01:56:15,47.2922,-2.364,35.55,90,0,4.61
413,Qaqortoq,GL,2022-01-21 01:56:15,60.7167,-46.0333,20.86,87,100,18.48
414,Uruzgan,AF,2022-01-21 01:56:16,32.8333,66.0,31.44,51,0,9.48
415,Nantucket,US,2022-01-21 01:56:16,41.2835,-70.0995,34.09,70,100,22.12
416,Torrelodones,ES,2022-01-21 01:56:16,40.5765,-3.9266,39.2,84,9,3.65
417,Kruisfontein,ZA,2022-01-21 01:56:16,-34.0033,24.7314,68.88,95,45,7.81
418,Wilkie,CA,2022-01-21 01:56:17,52.4168,-108.7014,27.9,93,100,4.25
419,Hope,US,2022-01-21 01:56:17,33.6671,-93.5916,35.08,41,93,9.82
420,Verkhoyansk,RU,2022-01-21 01:56:17,67.5447,133.385,-38.13,96,42,0.58
421,Lao Cai,VN,2022-01-21 01:56:17,22.4833,103.95,59.88,96,100,2.21
422,Khrebtovaya,RU,2022-01-21 01:56:18,56.7032,104.2494,-9.99,100,100,3.44
423,Berlevag,NO,2022-01-21 01:56:18,70.8578,29.0864,27.54,75,100,26.57
424,Suluova,TR,2022-01-21 01:56:18,40.8313,35.6479,19.26,73,0,0.0
425,Sarangani,PH,2022-01-21 01:56:19,5.4033,125.4636,81.27,75,100,15.19
426,Ayan,RU,2022-01-21 01:56:19,56.45,138.1667,-0.08,75,12,6.11
427,Alta Floresta,BR,2022-01-21 01:56:19,-9.8756,-56.0861,70.59,96,91,3.53
428,Honningsvag,NO,2022-01-21 01:56:19,70.9821,25.9704,28.74,66,100,25.48
429,Waw,SS,2022-01-21 01:56:20,7.7029,27.9953,68.27,23,91,5.64
430,Sasina,BA,2022-01-21 01:56:20,44.7987,16.739,31.98,94,100,2.95
431,Hasaki,JP,2022-01-21 01:56:20,35.7333,140.8333,39.6,44,1,21.92
432,Mangrol,IN,2022-01-21 01:56:20,21.1167,70.1167,70.66,87,5,8.55
433,Bronnoysund,NO,2022-01-21 01:56:21,65.4625,12.1997,33.8,64,75,9.22
434,Poum,NC,2022-01-21 01:56:21,-20.2333,164.0167,81.77,76,100,7.07
435,Alofi,NU,2022-01-21 01:56:11,-19.0595,-169.9187,85.89,66,75,17.27
436,Muzhi,RU,2022-01-21 01:56:21,65.3667,64.6667,14.81,89,100,15.7
437,Kongolo,CD,2022-01-21 01:56:22,-5.3833,27.0,67.35,97,97,1.23
438,Huntsville,US,2022-01-21 01:53:04,34.7304,-86.5861,28.56,78,100,5.01
439,Palmer,US,2022-01-21 01:56:22,42.1584,-72.3287,25.56,49,99,1.01
440,Nabire,ID,2022-01-21 01:56:22,-3.3667,135.4833,86.2,68,62,3.98
441,Moose Jaw,CA,2022-01-21 01:56:22,50.4001,-105.5344,25.05,74,100,25.32
442,Maceio,BR,2022-01-21 01:56:23,-9.6658,-35.7353,78.24,88,20,2.3
443,Puerto Del Rosario,ES,2022-01-21 01:56:23,28.5004,-13.8627,65.95,52,100,5.75
444,Urumqi,CN,2022-01-21 01:56:23,43.801,87.6005,22.15,93,100,2.24
445,Altamira,BR,2022-01-21 01:56:23,-3.2033,-52.2064,75.31,83,84,2.59
446,Laje,BR,2022-01-21 01:56:24,-10.1833,-40.9667,71.91,71,37,4.59
447,Palasa,IN,2022-01-21 01:56:24,18.7667,84.4167,69.26,87,2,4.47
448,Lazaro Cardenas,MX,2022-01-21 01:56:24,17.9583,-102.2,76.26,73,100,3.04
449,Padang,ID,2022-01-21 01:56:24,-0.9492,100.3543,80.65,68,98,2.98
450,Kenai,US,2022-01-21 01:55:20,60.5544,-151.2583,26.02,92,100,11.5
451,Hofn,IS,2022-01-21 01:56:25,64.2539,-15.2082,42.94,87,100,15.28
452,Pekan,MY,2022-01-21 01:56:25,3.4836,103.3996,78.91,74,27,9.24
453,Grindavik,IS,2022-01-21 01:56:25,63.8424,-22.4338,48.15,93,75,35.68
454,Teya,RU,2022-01-21 01:56:25,60.3778,92.6267,-3.33,100,94,3.96
455,Arman,RU,2022-01-21 01:56:26,59.7,150.1667,3.42,74,9,4.65
456,Valparaiso,CL,2022-01-21 01:52:09,-33.0393,-71.6273,62.24,41,0,5.75
457,Santiago,CL,2022-01-21 01:57:26,-33.4569,-70.6483,70.99,32,0,9.22
458,Saint-Ambroise,CA,2022-01-21 01:57:26,48.5501,-71.3324,-9.09,99,55,2.82
459,Lagoa,PT,2022-01-21 01:57:27,39.05,-27.9833,61.0,87,100,19.64
460,Salalah,OM,2022-01-21 01:57:27,17.0151,54.0924,72.93,62,4,13.27
461,Malakal,SS,2022-01-21 01:57:27,9.5334,31.6605,69.01,15,27,9.51
462,Vangaindrano,MG,2022-01-21 01:57:27,-23.35,47.6,71.65,91,90,7.05
463,Samarai,PG,2022-01-21 01:57:27,-10.6167,150.6667,84.96,70,100,8.84
464,Tabas,IR,2022-01-21 01:57:28,33.5959,56.9244,40.5,23,85,13.78
465,Olden,NO,2022-01-21 01:57:28,61.8364,6.8064,35.91,97,100,3.31
466,Yumen,CN,2022-01-21 01:57:28,40.2833,97.2,21.24,47,1,0.85
467,Yulara,AU,2022-01-21 01:57:29,-25.2406,130.9889,82.24,61,75,10.36
468,Peleduy,RU,2022-01-21 01:57:29,59.6289,112.7406,7.65,95,100,6.89
469,San Luis,AR,2022-01-21 01:54:59,-33.295,-66.3356,71.55,81,85,5.66
470,Marzuq,YE,2022-01-21 01:57:29,14.4,46.4667,59.38,33,39,2.21
471,Burns Lake,CA,2022-01-21 01:57:29,54.2331,-125.7533,27.82,95,2,3.11
472,Zhmerynka,UA,2022-01-21 01:57:30,49.037,28.112,26.85,89,54,15.23
473,Poya,NC,2022-01-21 01:57:30,-21.35,165.15,83.73,75,100,10.78
474,Nicolas Bravo,MX,2022-01-21 01:57:30,18.45,-88.9167,68.76,97,8,3.06
475,Vila Velha,BR,2022-01-21 01:57:30,-20.3297,-40.2925,80.55,79,75,6.91
476,Inhambane,MZ,2022-01-21 01:57:31,-23.865,35.3833,74.14,74,100,9.46
477,Orocue,CO,2022-01-21 01:57:31,4.7912,-71.3354,82.67,43,16,5.48
478,Verkhnyaya Inta,RU,2022-01-21 01:57:31,65.9811,60.3094,17.47,81,100,17.65
479,Dovbysh,UA,2022-01-21 01:57:31,50.3733,27.9874,23.27,94,75,14.83
480,Mancora,PE,2022-01-21 01:57:32,-4.1078,-81.0475,77.13,67,89,18.37
481,Novobirilyussy,RU,2022-01-21 01:57:32,56.9514,90.6661,5.09,98,98,1.99
482,Basco,PH,2022-01-21 01:57:32,20.4487,121.9702,74.05,78,100,28.74
483,Santa Isabel Do Rio Negro,BR,2022-01-21 01:57:32,-0.4139,-65.0192,73.18,98,100,2.57
484,Batagay-Alyta,RU,2022-01-21 01:57:33,67.8006,130.4114,-18.02,89,82,4.61
485,Cayenne,GF,2022-01-21 01:57:33,4.9333,-52.3333,77.04,89,75,5.01
486,Sirjan,IR,2022-01-21 01:57:33,29.452,55.6814,35.24,73,0,7.76
487,Moron,AR,2022-01-21 01:57:33,-34.6534,-58.6198,80.02,92,50,4.0
488,Mitsamiouli,KM,2022-01-21 01:57:34,-11.3847,43.2844,79.84,80,100,13.96
489,Kununurra,AU,2022-01-21 01:57:34,-15.7667,128.7333,89.58,66,75,3.44
490,Mattawa,US,2022-01-21 01:57:34,46.7379,-119.9028,50.0,61,0,11.01
491,Saint Anthony,US,2022-01-21 01:57:34,45.0205,-93.218,-1.17,72,6,1.01
492,Magadan,RU,2022-01-21 01:57:34,59.5667,150.8,3.6,71,8,3.33
493,Maningrida,AU,2022-01-21 01:57:35,-12.0667,134.2667,87.76,64,50,5.97
494,Tutoia,BR,2022-01-21 01:57:17,-2.7619,-42.2744,82.38,89,100,9.93
495,Te Anau,NZ,2022-01-21 01:57:35,-45.4167,167.7167,66.24,54,73,2.86
496,Karratha,AU,2022-01-21 01:57:35,-20.7377,116.8463,94.32,41,0,7.56
497,Middelburg,ZA,2022-01-21 01:57:35,-25.7751,29.4648,52.74,89,0,6.35
498,Ankazoabo,MG,2022-01-21 01:57:36,-22.2833,44.5167,68.27,81,54,6.24
499,Limpapa,PH,2022-01-21 01:57:36,7.1197,121.9106,81.73,75,96,3.85
500,Navahrudak,BY,2022-01-21 01:57:36,53.6,25.8333,25.81,93,100,24.0
501,Serenje,ZM,2022-01-21 01:57:36,-13.2325,30.2352,61.16,98,100,3.04
502,Shimoda,JP,2022-01-21 01:57:37,34.6667,138.95,44.96,86,100,6.08
503,Carahue,CL,2022-01-21 01:57:37,-38.7,-73.1667,48.92,95,0,1.57
504,Porbandar,IN,2022-01-21 01:56:53,21.6422,69.6093,70.81,89,2,7.27
505,Borup,DK,2022-01-21 01:58:37,55.4947,11.9758,36.59,74,0,12.66
506,Yankton,US,2022-01-21 01:58:38,42.8711,-97.3973,8.11,34,0,10.49
507,Guerrero Negro,MX,2022-01-21 01:58:34,27.9769,-114.0611,67.95,36,0,18.25
508,Mangan,IN,2022-01-21 01:58:38,27.5167,88.5333,48.78,62,95,3.02
509,Changtu,CN,2022-01-21 01:58:38,42.7788,124.0955,13.71,34,13,5.12
510,Puerto Quijarro,BO,2022-01-21 01:58:38,-17.7833,-57.7667,73.29,96,96,4.41
511,Muros,ES,2022-01-21 01:58:39,42.7762,-9.0603,51.1,66,0,17.16
512,Lasa,IT,2022-01-21 01:58:39,46.6166,10.7002,29.14,95,51,9.71
513,Mayo,US,2022-01-21 01:58:39,38.8876,-76.5119,32.25,59,0,5.99
514,Mopipi,BW,2022-01-21 01:58:39,-21.1833,24.8833,72.84,46,84,12.64
515,Dubai,AE,2022-01-21 01:56:56,25.2582,55.3047,68.25,42,0,24.16
516,Sola,VU,2022-01-21 01:58:40,-13.8833,167.55,83.97,75,98,15.26
517,Tevaitoa,PF,2022-01-21 01:58:40,-16.7833,-151.5,81.19,75,100,20.2
518,Fuyang,CN,2022-01-21 01:58:40,32.9,115.8167,37.9,66,98,14.25
519,Keetmanshoop,NA,2022-01-21 01:58:40,-26.5833,18.1333,70.97,69,93,9.55
520,Wiltz,LU,2022-01-21 01:58:41,49.9689,5.9319,34.5,86,41,6.78
521,San Andres,CO,2022-01-21 01:58:41,12.5847,-81.7006,82.42,74,20,14.97
522,Hervey Bay,AU,2022-01-21 01:58:41,-25.2986,152.8535,79.03,71,45,26.71
523,Khandyga,RU,2022-01-21 01:58:41,62.6667,135.6,-34.33,97,50,2.08
524,Fukue,JP,2022-01-21 01:58:42,32.6881,128.8419,46.76,57,75,9.22
525,Bazarnyye Mataki,RU,2022-01-21 01:58:42,54.8833,49.9333,6.1,98,91,8.57
526,Kidal,ML,2022-01-21 01:58:42,18.4411,1.4078,55.58,22,0,11.07
527,Palmares Do Sul,BR,2022-01-21 01:58:42,-30.2578,-50.5097,77.34,87,40,11.61
528,Chicama,PE,2022-01-21 01:58:43,-7.8447,-79.1469,66.74,75,52,7.65
529,Ahmadpur,IN,2022-01-21 01:58:43,18.7,76.9333,65.37,43,13,5.91
530,Ondjiva,AO,2022-01-21 01:58:43,-17.0667,15.7333,66.13,73,100,4.23
531,Moratuwa,LK,2022-01-21 01:58:43,6.773,79.8816,66.22,87,79,5.82
532,Visby,SE,2022-01-21 01:58:44,57.6409,18.296,32.77,64,100,31.07
533,Portree,GB,2022-01-21 01:58:44,57.4129,-6.1942,42.85,96,100,5.7
534,Chapayeve,UA,2022-01-21 01:58:44,49.3662,35.8749,26.42,98,100,13.71
535,Isangel,VU,2022-01-21 01:58:44,-19.55,169.2667,84.31,84,75,4.61
536,Varzea Da Palma,BR,2022-01-21 01:58:45,-17.5981,-44.7308,71.94,81,4,1.54
537,Petatlan,MX,2022-01-21 01:58:45,17.5167,-101.2667,73.18,81,94,3.27
538,Iquique,CL,2022-01-21 01:58:45,-20.2208,-70.1431,71.64,83,98,1.77
539,Zheshart,RU,2022-01-21 01:58:45,62.0731,49.5733,18.36,93,100,7.74
540,Humaita,BR,2022-01-21 01:58:46,-7.5061,-63.0208,73.69,98,100,2.01
541,Unai,BR,2022-01-21 01:58:46,-16.3575,-46.9061,70.41,71,0,1.61
542,Zalegoshch,RU,2022-01-21 01:58:46,52.9008,36.8869,22.77,95,100,14.12
543,Winthrop,US,2022-01-21 01:58:46,42.3751,-70.9828,28.45,46,100,5.99
544,Turtas,RU,2022-01-21 01:58:47,58.9417,69.1325,13.77,89,100,8.37
545,Caravelas,BR,2022-01-21 01:58:47,-17.7125,-39.2481,75.15,92,0,4.34
546,Erzin,TR,2022-01-21 01:58:47,36.9559,36.2,30.72,60,0,2.75
547,San Vicente De Canete,PE,2022-01-21 01:58:47,-13.0751,-76.3835,70.93,91,97,8.59
548,Lumut,MY,2022-01-21 01:58:48,4.2323,100.6298,79.16,94,20,2.3
549,Kodinar,IN,2022-01-21 01:58:48,20.7903,70.7031,67.73,90,2,7.25
550,Caranavi,BO,2022-01-21 01:58:48,-15.8167,-67.55,63.88,99,100,2.62
